[
  {
    "inbound": 72633,
    "outbound": 74735,
    "lon": -122.269029,
    "lat": 37.80787,
    "lon2": -122.271604,
    "lat2": 37.803664
  },
  {
    "inbound": 65042,
    "outbound": 67529,
    "lon": -122.271604,
    "lat": 37.803664,
    "lon2": -122.294582,
    "lat2": 37.804675
  },
  {
    "inbound": 0,
    "outbound": 23821,
    "lon": -122.265609,
    "lat": 37.797484,
    "lon2": -122.271604,
    "lat2": 37.803664
  },
  {
    "inbound": 62964,
    "outbound": 58788,
    "lon": -122.419694,
    "lat": 37.765062,
    "lon2": -122.413756,
    "lat2": 37.779528
  },
  {
    "inbound": 55134,
    "outbound": 51019,
    "lon": -122.418466,
    "lat": 37.752254,
    "lon2": -122.419694,
    "lat2": 37.765062
  },
  {
    "inbound": 67975,
    "outbound": 70088,
    "lon": -122.267227,
    "lat": 37.828415,
    "lon2": -122.269029,
    "lat2": 37.80787
  },
  {
    "inbound": 45831,
    "outbound": 42007,
    "lon": -122.434092,
    "lat": 37.732921,
    "lon2": -122.418466,
    "lat2": 37.752254
  },
  {
    "inbound": 4158,
    "outbound": 4000,
    "lon": -122.353165,
    "lat": 37.936887,
    "lon2": -122.317269,
    "lat2": 37.925655
  },
  {
    "inbound": 12012,
    "outbound": 12338,
    "lon": -122.317269,
    "lat": 37.925655,
    "lon2": -122.299272,
    "lat2": 37.903059
  },
  {
    "inbound": 16343,
    "outbound": 16856,
    "lon": -122.299272,
    "lat": 37.903059,
    "lon2": -122.283451,
    "lat2": 37.87404
  },
  {
    "inbound": 20199,
    "outbound": 20909,
    "lon": -122.283451,
    "lat": 37.87404,
    "lon2": -122.268045,
    "lat2": 37.869867
  },
  {
    "inbound": 26650,
    "outbound": 28041,
    "lon": -122.268045,
    "lat": 37.869867,
    "lon2": -122.26978,
    "lat2": 37.853024
  },
  {
    "inbound": 30485,
    "outbound": 31757,
    "lon": -122.26978,
    "lat": 37.853024,
    "lon2": -122.267227,
    "lat2": 37.828415
  },
  {
    "inbound": 36018,
    "outbound": 36634,
    "lon": -122.251793,
    "lat": 37.844601,
    "lon2": -122.267227,
    "lat2": 37.828415
  },
  {
    "inbound": 109373,
    "outbound": 111316,
    "lon": -122.294582,
    "lat": 37.804675,
    "lon2": -122.396742,
    "lat2": 37.792976
  },
  {
    "inbound": 39030,
    "outbound": 38961,
    "lon": -122.265609,
    "lat": 37.797484,
    "lon2": -122.294582,
    "lat2": 37.804675
  },
  {
    "inbound": 94808,
    "outbound": 86301,
    "lon": -122.401407,
    "lat": 37.789256,
    "lon2": -122.396742,
    "lat2": 37.792976
  },
  {
    "inbound": 81351,
    "outbound": 71139,
    "lon": -122.406857,
    "lat": 37.784991,
    "lon2": -122.401407,
    "lat2": 37.789256
  },
  {
    "inbound": 74091,
    "outbound": 67746,
    "lon": -122.413756,
    "lat": 37.779528,
    "lon2": -122.406857,
    "lat2": 37.784991
  },
  {
    "inbound": 39295,
    "outbound": 36129,
    "lon": -122.447414,
    "lat": 37.721981,
    "lon2": -122.434092,
    "lat2": 37.732921
  },
  {
    "inbound": 29472,
    "outbound": 27661,
    "lon": -122.469081,
    "lat": 37.706121,
    "lon2": -122.447414,
    "lat2": 37.721981
  },
  {
    "inbound": 22172,
    "outbound": 20545,
    "lon": -122.466233,
    "lat": 37.684638,
    "lon2": -122.469081,
    "lat2": 37.706121
  },
  {
    "inbound": 18363,
    "outbound": 16922,
    "lon": -122.444116,
    "lat": 37.664174,
    "lon2": -122.466233,
    "lat2": 37.684638
  },
  {
    "inbound": 15144,
    "outbound": 13801,
    "lon": -122.416038,
    "lat": 37.637753,
    "lon2": -122.444116,
    "lat2": 37.664174
  },
  {
    "inbound": 6275,
    "outbound": 5792,
    "lon": -122.38666,
    "lat": 37.599787,
    "lon2": -122.416038,
    "lat2": 37.637753
  },
  {
    "inbound": 5478,
    "outbound": 4610,
    "lon": -122.392612,
    "lat": 37.616035,
    "lon2": -122.416038,
    "lat2": 37.637753
  },
  {
    "inbound": 0,
    "outbound": 515,
    "lon": -122.392612,
    "lat": 37.616035,
    "lon2": -122.38666,
    "lat2": 37.599787
  },
  {
    "inbound": 47842,
    "outbound": 47967,
    "lon": -122.224274,
    "lat": 37.774963,
    "lon2": -122.265609,
    "lat2": 37.797484
  },
  {
    "inbound": 43105,
    "outbound": 42921,
    "lon": -122.197273,
    "lat": 37.754006,
    "lon2": -122.224274,
    "lat2": 37.774963
  },
  {
    "inbound": 39490,
    "outbound": 39238,
    "lon": -122.161311,
    "lat": 37.722619,
    "lon2": -122.197273,
    "lat2": 37.754006
  },
  {
    "inbound": 35239,
    "outbound": 34901,
    "lon": -122.126871,
    "lat": 37.697185,
    "lon2": -122.161311,
    "lat2": 37.722619
  },
  {
    "inbound": 19142,
    "outbound": 18921,
    "lon": -122.087967,
    "lat": 37.670399,
    "lon2": -122.126871,
    "lat2": 37.697185
  },
  {
    "inbound": 13169,
    "outbound": 13102,
    "lon": -122.075567,
    "lat": 37.690754,
    "lon2": -122.126871,
    "lat2": 37.697185
  },
  {
    "inbound": 15551,
    "outbound": 15288,
    "lon": -122.057551,
    "lat": 37.6348,
    "lon2": -122.087967,
    "lat2": 37.670399
  },
  {
    "inbound": 13039,
    "outbound": 12957,
    "lon": -122.017867,
    "lat": 37.591208,
    "lon2": -122.057551,
    "lat2": 37.6348
  },
  {
    "inbound": 8657,
    "outbound": 8580,
    "lon": -121.9764,
    "lat": 37.557355,
    "lon2": -122.017867,
    "lat2": 37.591208
  },
  {
    "inbound": 6209,
    "outbound": 6279,
    "lon": -121.945154,
    "lat": 38.018914,
    "lon2": -122.024597,
    "lat2": 38.003275
  },
  {
    "inbound": 8889,
    "outbound": 8814,
    "lon": -122.024597,
    "lat": 38.003275,
    "lon2": -122.029095,
    "lat2": 37.973737
  },
  {
    "inbound": 14170,
    "outbound": 14062,
    "lon": -122.029095,
    "lat": 37.973737,
    "lon2": -122.056013,
    "lat2": 37.928403
  },
  {
    "inbound": 21095,
    "outbound": 20852,
    "lon": -122.056013,
    "lat": 37.928403,
    "lon2": -122.067423,
    "lat2": 37.905628
  },
  {
    "inbound": 26366,
    "outbound": 26309,
    "lon": -122.067423,
    "lat": 37.905628,
    "lon2": -122.123801,
    "lat2": 37.893394
  },
  {
    "inbound": 29287,
    "outbound": 29364,
    "lon": -122.123801,
    "lat": 37.893394,
    "lon2": -122.183791,
    "lat2": 37.878361
  },
  {
    "inbound": 31857,
    "outbound": 32005,
    "lon": -122.183791,
    "lat": 37.878361,
    "lon2": -122.251793,
    "lat2": 37.844601
  },
  {
    "inbound": 7585,
    "outbound": 7429,
    "lon": -121.900367,
    "lat": 37.701695,
    "lon2": -121.928099,
    "lat2": 37.699759
  },
  {
    "inbound": 10762,
    "outbound": 10744,
    "lon": -121.928099,
    "lat": 37.699759,
    "lon2": -122.075567,
    "lat2": 37.690754
  }
]
